analysis,model,r.squared,adj.r.squared,sigma,statistic,p.value,df,logLik,AIC,BIC,deviance,df.residual,nobs
primary,acquisition_cs_minus,0.3407423248138391,0.32190639123709164,3.957749112215737,18.090015205536613,1.5483902628797083e-9,3,-302.5753045059457,615.1506090118914,628.6073484230371,1644.6966937006675,105,109
primary,extinction_cs_plus,0.33825530021014116,0.3193483087875738,3.965207314184343,17.890487843898814,1.8802903737779693e-9,3,-302.78051685622245,615.5610337124449,629.0177731235906,1650.901249668406,105,109
secondary - age and sex adjustment,acquisition_cs_minus,0.3596931655486371,0.32861030950730874,3.938136532109871,11.572075779342251,6.989758769473272e-9,5,-300.9857042501392,615.9714085002784,634.8108436758823,1597.418692590451,103,109
secondary - age and sex adjustment,extinction_cs_plus,0.3580524618574384,0.3268899600058577,3.943178787650485,11.489849677755473,7.922754564927698e-9,5,-301.1251748604662,616.2503497209324,635.0897848965363,1601.511871991805,103,109
secondary - gad7 followup dv,acquisition_cs_minus,0.2865071735080134,0.2653143172755781,4.1668857768406005,13.519044831225717,1.7466066957271727e-7,3,-296.8021935108103,603.6043870216206,616.8741887724082,1753.6566448008857,101,105
secondary - gad7 followup dv,extinction_cs_plus,0.28139374923306304,0.2600490091112728,4.181790632712747,13.18328298341738,2.484014061941628e-7,3,-297.1771060005305,604.354212001061,617.6240137518486,1766.224662480252,101,105
secondary - fss followup dv,acquisition_cs_minus,0.5407476941762508,0.5269701250015383,18.717680756407457,39.24841075512406,7.547669108713958e-17,3,-450.1948618736168,910.3897237472336,923.6116782429405,35035.1572898786,100,104
secondary - fss followup dv,extinction_cs_plus,0.5402943366368373,0.5265031667359424,18.72691719180072,39.176831299988464,7.926155729512833e-17,3,-450.2461691036589,910.4923382073177,923.7142927030246,35069.74275085613,100,104
