analysis,model,r.squared,adj.r.squared,sigma,statistic,p.value,df,logLik,AIC,BIC,deviance,df.residual,nobs
primary,acquisition_cs_minus,0.34074232481383904,0.32190639123709164,3.957749112215737,18.090015205536606,1.5483902628797189e-9,3,-302.5753045059457,615.1506090118914,628.6073484230371,1644.6966937006675,105,109
primary,extinction_cs_plus,0.33825530021014116,0.3193483087875738,3.965207314184343,17.890487843898814,1.8802903737779693e-9,3,-302.78051685622245,615.5610337124449,629.0177731235906,1650.901249668406,105,109
secondary - age and sex adjustment,acquisition_cs_minus,0.35963336409472474,0.32854760507019676,3.9383204289380274,11.569071349068858,7.021797391413993e-9,5,-300.9907940397164,615.9815880794328,634.8210232550367,1597.5678835020328,103,109
secondary - age and sex adjustment,extinction_cs_plus,0.3580303970715754,0.326866824113885,3.9432465538173314,11.488746735095438,7.936095792335392e-9,5,-301.1270480823295,616.254096164659,635.093531340263,1601.566918571803,103,109
secondary - gad7 followup dv,acquisition_cs_minus,0.2865071735080134,0.2653143172755781,4.1668857768406,13.519044831225719,1.7466066957271727e-7,3,-296.80219351081024,603.6043870216205,616.874188772408,1753.6566448008853,101,105
secondary - gad7 followup dv,extinction_cs_plus,0.28139374923306304,0.2600490091112728,4.181790632712747,13.18328298341738,2.484014061941628e-7,3,-297.1771060005305,604.354212001061,617.6240137518486,1766.224662480252,101,105
secondary - fss followup dv,acquisition_cs_minus,0.5407476941762508,0.5269701250015383,18.71768075640746,39.248410755124056,7.547669108713958e-17,3,-450.1948618736168,910.3897237472336,923.6116782429405,35035.15728987861,100,104
secondary - fss followup dv,extinction_cs_plus,0.5402943366368373,0.5265031667359424,18.72691719180072,39.176831299988464,7.926155729512833e-17,3,-450.2461691036589,910.4923382073177,923.7142927030246,35069.74275085613,100,104
